Caballo NM 87931
Cabazon CA 92230
Cabery IL 60919
Cabin Creek WV 25035
Cabin John MD 20818
Cabins WV 26855
Cable OH 43009
Cable WI 54821
Cabo Rojo PR 00623
Cabool MO 65689
Cabot AR 72023
Cabot PA 16023
Cabot VT 05647
Cache Junction UT 84304
Cache OK 73527
Cactus TX 79013
Caddo Gap AR 71935
Caddo Mills TX 75135
Caddo OK 74729
Caddo TX 76429
Cade LA 70519
Cades SC 29518
Cadet MO 63630
Cadillac MI 49601
Cadiz KY 42211
Cadiz OH 43907
Cadogan PA 16212
Cadott WI 54727
Cadwell GA 31009
Cadyville NY 12918
Caguas PR 00725
Caguas PR 00726
Caguas PR 00727
Cahone CO 81320
Cainsville MO 64632
Cairnbrook PA 15924
Cairo GA 39827
Cairo GA 39828
Cairo IL 62914
Cairo MO 65239
Cairo NE 68824
Cairo NY 12413
Cairo OH 45820
Cairo WV 26337
Cal Nev Ari NV 89039
Calabasas CA 91302
Calabasas CA 91372
Calabash NC 28467
Calais ME 04619
Calais VT 05648
Calamus IA 52729
Calcium NY 13616
Calder ID 83808
Caldwell AR 72322
Caldwell ID 83605
Caldwell ID 83606
Caldwell ID 83607
Caldwell KS 67022
Caldwell NJ 07006
Caldwell NJ 07007
Caldwell OH 43724
Caldwell TX 77836
Caldwell WV 24925
Cale AR 71828
Caledonia IL 61011
Caledonia MI 49316
Caledonia MN 55921
Caledonia MO 63631
Caledonia MS 39740
Caledonia ND 58219
Caledonia NY 14423
Caledonia OH 43314
Caledonia WI 53108
Calera AL 35040
Calera OK 74730
Calexico CA 92231
Calexico CA 92232
Calhan CO 80808
Calhoun City MS 38916
Calhoun Falls SC 29628
Calhoun GA 30701
Calhoun GA 30703
Calhoun IL 62419
Calhoun KY 42327
Calhoun LA 71225
Calhoun MO 65323
Calhoun TN 37309
Calico Rock AR 72519
Caliente CA 93518
Caliente NV 89008
Califon NJ 07830
California City CA 93504
California City CA 93505
California Hot Springs CA 93207
California KY 41007
California MD 20619
California MO 65018
California PA 15419
Calimesa CA 92320
Calion AR 71724
Calipatria CA 92233
Calistoga CA 94515
Call TX 75933
Callahan CA 96014
Callahan FL 32011
Callands VA 24530
Callao MO 63534
Callao VA 22435
Callaway MD 20620
Callaway MN 56521
Callaway NE 68825
Callaway VA 24067
Callender IA 50523
Callensburg PA 16213
Callery PA 16024
Callicoon Center NY 12724
Callicoon NY 12723
Calliham TX 78007
Calmar IA 52132
Calpella CA 95418
Calpine CA 96124
Calumet City IL 60409
Calumet IA 51009
Calumet MI 49913
Calumet MN 55716
Calumet OK 73014
Calumet PA 15621
Calvary GA 39829
Calvert City KY 42029
Calvert AL 36513
Calvert TX 77837
Calverton NY 11933
Calverton VA 20138
Calvin KY 40813
Calvin LA 71410
Calvin ND 58323
Calvin OK 74531
Calvin PA 16622
Calvin WV 26660
Calypso NC 28325
Camak GA 30807
Camanche IA 52730
Camano Island WA 98282
Camargo IL 61919
Camargo OK 73835
Camarillo CA 93010
Camarillo CA 93011
Camarillo CA 93012
Camas Valley OR 97416
Camas WA 98607
Cambra PA 18611
Cambria Heights NY 11411
Cambria CA 93428
Cambria IL 62915
Cambria WI 53923
Cambridge City IN 47327
Cambridge Springs PA 16403
Cambridge IA 50046
Cambridge ID 83610
Cambridge IL 61238
Cambridge KS 67023
Cambridge MA 02138
Cambridge MA 02139
Cambridge MA 02140
Cambridge MA 02141
Cambridge MA 02142
Cambridge MA 02238
Cambridge MA 02239
Cambridge MD 21613
Cambridge ME 04923
Cambridge MN 55008
Cambridge NE 69022
Cambridge NY 12816
Cambridge OH 43725
Cambridge VT 05444
Cambridge WI 53523
Cambridgeport VT 05141
Camby IN 46113
Camden On Gauley WV 26208
Camden Point MO 64018
Camden Wyoming DE 19934
Camden AL 36726
Camden AR 71701
Camden AR 71711
Camden IL 62319
Camden IN 46917
Camden ME 04843
Camden MI 49232
Camden MO 64017
Camden MS 39045
Camden NC 27921
Camden NJ 08101
Camden NJ 08102
Camden NJ 08103
Camden NJ 08104
Camden NJ 08105
Camden NY 13316
Camden OH 45311
Camden SC 29020
Camden SC 29021
Camden TN 38320
Camden TX 75934
Camden WV 26338
Camdenton MO 65020
Cameron Mills NY 14820
Cameron AZ 86020
Cameron IL 61423
Cameron LA 70631
Cameron MO 64429
Cameron MT 59720
Cameron NC 28326
Cameron NY 14819
Cameron OH 43914
Cameron OK 74932
Cameron SC 29030
Cameron TX 76520
Cameron WI 54822
Cameron WV 26033
Camilla GA 31730
Camillus NY 13031
Camino CA 95709
Cammal PA 17723
Camp Creek WV 25820
Camp Crook SD 57724
Camp Dennison OH 45111
Camp Douglas WI 54618
Camp Grove IL 61424
Camp H M Smith HI 96861
Camp Hill AL 36850
Camp Hill PA 17001
Camp Hill PA 17011
Camp Hill PA 17012
Camp Hill PA 17089
Camp Lake WI 53109
Camp Lejeune NC 28542
Camp Lejeune NC 28547
Camp Meeker CA 95419
Camp Murray WA 98430
Camp Nelson CA 93208
Camp Pendleton CA 92055
Camp Point IL 62320
Camp Sherman OR 97730
Camp Verde AZ 86322
Camp Wood TX 78833
Camp AR 72520
Campaign TN 38550
Campbell Hall NY 10916
Campbell Hill IL 62916
Campbell AL 36727
Campbell CA 95008
Campbell CA 95009
Campbell CA 95011
Campbell MN 56522
Campbell MO 63933
Campbell NE 68932
Campbell NY 14821
Campbell OH 44405
Campbell TX 75422
Campbellsburg IN 47108
Campbellsburg KY 40011
Campbellsport WI 53010
Campbellsville KY 42718
Campbellsville KY 42719
Campbellton FL 32426
Campbellton TX 78008
Campbelltown PA 17010
Campo Seco CA 95226
Campo CA 91906
Campo CO 81029
Campobello SC 29322
Campti LA 71411
Campton KY 41301
Campton NH 03223
Camptonville CA 95922
Camptown PA 18815
Campus IL 60920
Camuy PR 00627
Cana VA 24317
Canaan CT 06018
Canaan IN 47224
Canaan ME 04924
Canaan NH 03741
Canaan NY 12029
Canaan VT 05903
Canada KY 41519
Canadensis PA 18325
Canadian OK 74425
Canadian TX 79014
Canadys SC 29433
Canajoharie NY 13317
Canal Fulton OH 44614
Canal Point FL 33438
Canal Point FL 33439
Canal Winchester OH 43110
Canalou MO 63828
Canandaigua NY 14424
Canaseraga NY 14822
Canastota NY 13032
Canby CA 96015
Canby MN 56220
Canby OR 97013
Candia NH 03034
Candler FL 32111
Candler NC 28715
Cando ND 58324
Candor NC 27229
Candor NY 13743
Cane Valley KY 42720
Caneadea NY 14717
Canehill AR 72717
Caney KS 67333
Caney OK 74533
Caneyville KY 42721
Canfield OH 44406
Canisteo NY 14823
Canistota SD 57012
Canjilon NM 87515
Canmer KY 42722
Cannel City KY 41408
Cannelburg IN 47519
Cannelton IN 47520
Cannelton WV 25036
Cannon Afb NM 88103
Cannon Ball ND 58528
Cannon Beach OR 97110
Cannon Falls MN 55009
Cannon KY 40923
Cannonsburg MI 49317
Cannonville UT 84718
Canoga Park CA 91303
Canoga Park CA 91304
Canoga Park CA 91305
Canoga Park CA 91309
Canon City CO 81212
Canon City CO 81215
Canon GA 30520
Canones NM 87516
Canonsburg PA 15317
Canova SD 57321
Canovanas PR 00729
Canterbury CT 06331
Canterbury NH 03224
Cantil CA 93519
Canton Center CT 06020
Canton CT 06019
Canton GA 30114
Canton GA 30115
Canton GA 30169
Canton IL 61520
Canton KS 67428
Canton MA 02021
Canton ME 04221
Canton MI 48187
Canton MI 48188
Canton MN 55922
Canton MO 63435
Canton MS 39046
Canton NC 28716
Canton NY 13617
Canton OH 44701
Canton OH 44702
Canton OH 44703
Canton OH 44704
Canton OH 44705
Canton OH 44706
Canton OH 44707
Canton OH 44708
Canton OH 44709
Canton OH 44710
Canton OH 44711
Canton OH 44714
Canton OH 44718
Canton OH 44721
Canton OH 44735
Canton OH 44750
Canton OH 44767
Canton OH 44799
Canton OK 73724
Canton PA 17724
Canton SD 57013
Canton TX 75103
Cantonment FL 32533
Cantrall IL 62625
Cantril IA 52542
Cantua Creek CA 93608
Cantwell AK 99729
Canute OK 73626
Canutillo TX 79835
Canvas WV 26662
Canyon City OR 97820
Canyon Country CA 91351
Canyon Country CA 91386
Canyon Country CA 91387
Canyon Creek MT 59633
Canyon Dam CA 95923
Canyon Lake TX 78133
Canyon CA 94516
Canyon MN 55717
Canyon TX 79015
Canyon TX 79016
Canyonville OR 97417
Capac MI 48014
Capay CA 95607
Cape Canaveral FL 32920
Cape Charles VA 23310
Cape Coral FL 33904
Cape Coral FL 33909
Cape Coral FL 33910
Cape Coral FL 33914
Cape Coral FL 33915
Cape Coral FL 33990
Cape Coral FL 33991
Cape Coral FL 33993
Cape Elizabeth ME 04107
Cape Fair MO 65624
Cape Girardeau MO 63701
Cape Girardeau MO 63702
Cape Girardeau MO 63703
Cape May Court House NJ 08210
Cape May Point NJ 08212
Cape May NJ 08204
Cape Neddick ME 03902
Cape Porpoise ME 04014
Cape Vincent NY 13618
Capeville VA 23313
Capistrano Beach CA 92624
Capitan NM 88316
Capitol Heights MD 20731
Capitol Heights MD 20743
Capitol Heights MD 20790
Capitol Heights MD 20791
Capitol Heights MD 20799
Capitol MT 59319
Capitola CA 95010
Caplinger Mills MO 65607
Capon Bridge WV 26711
Capon Springs WV 26823
Caprock NM 88213
Capron IL 61012
Capron VA 23829
Capshaw AL 35742
Captain Cook HI 96704
Captiva FL 33924
Capulin CO 81124
Capulin NM 88414
Caputa SD 57725
Caratunk ME 04925
Caraway AR 72419
Carbon Cliff IL 61239
Carbon Hill AL 35549
Carbon Hill OH 43111
Carbon IA 50839
Carbon IN 47837
Carbon TX 76435
Carbonado WA 98323
Carbondale CO 81623
Carbondale IL 62901
Carbondale IL 62902
Carbondale IL 62903
Carbondale KS 66414
Carbondale OH 45717
Carbondale PA 18407
Cardale PA 15420
Cardiff By The Sea CA 92007
Cardiff AL 35041
Cardin OK 74335
Cardinal VA 23025
Cardington OH 43315
Cardwell MO 63829
Cardwell MT 59721
Carefree AZ 85377
Carencro LA 70520
Caret VA 22436
Carey ID 83320
Carey OH 43316
Careywood ID 83809
Caribou ME 04736
Carl Junction MO 64834
Carle Place NY 11514
Carleton MI 48117
Carleton NE 68326
Carlin NV 89822
Carlinville IL 62626
Carlisle AR 72024
Carlisle IA 50047
Carlisle IN 47838
Carlisle KY 40311
Carlisle MA 01741
Carlisle NY 12031
Carlisle PA 17013
Carlisle PA 17015
Carlisle SC 29031
Carlock IL 61725
Carlos MN 56319
Carlotta CA 95528
Carlsbad CA 92008
Carlsbad CA 92009
Carlsbad CA 92010
Carlsbad CA 92011
Carlsbad CA 92013
Carlsbad CA 92018
Carlsbad NM 88220
Carlsbad NM 88221
Carlsbad TX 76934
Carlsborg WA 98324
Carlstadt NJ 07072
Carlton AL 36515
Carlton GA 30627
Carlton MN 55718
Carlton OR 97111
Carlton PA 16311
Carlton TX 76436
Carlton WA 98814
Carlyle IL 62231
Carman IL 61425
Carmel By The Sea CA 93921
Carmel Valley CA 93924
Carmel CA 93922
Carmel CA 93923
Carmel IN 46032
Carmel IN 46033
Carmel IN 46082
Carmel ME 04419
Carmel NY 10512
Carmen ID 83462
Carmen OK 73726
Carmi IL 62821
Carmichael CA 95608
Carmichael CA 95609
Carmichaels PA 15320
Carmine TX 78932
Carnation WA 98014
Carnegie OK 73015
Carnegie PA 15106
Carnelian Bay CA 96140
Carnesville GA 30521
Carney MI 49812
Carney OK 74832
Caro MI 48723
Caroga Lake NY 12032
Carol Stream IL 60116
Carol Stream IL 60122
Carol Stream IL 60125
Carol Stream IL 60128
Carol Stream IL 60132
Carol Stream IL 60188
Carol Stream IL 60197
Carol Stream IL 60199
Caroleen NC 28019
Carolina Beach NC 28428
Carolina PR 00979
Carolina PR 00981
Carolina PR 00982
Carolina PR 00983
Carolina PR 00984
Carolina PR 00985
Carolina PR 00986
Carolina PR 00987
Carolina PR 00988
Carolina RI 02812
Carolina WV 26563
Caroline WI 54928
Carp Lake MI 49718
Carpenter IA 50426
Carpenter SD 57322
Carpenter WY 82054
Carpentersville IL 60110
Carpinteria CA 93013
Carpinteria CA 93014
Carpio ND 58725
Carr CO 80612
Carrabelle FL 32322
Carrboro NC 27510
Carrie KY 41725
Carrier Mills IL 62917
Carrier OK 73727
Carriere MS 39426
Carrington ND 58421
Carrizo Springs TX 78834
Carrizozo NM 88301
Carroll IA 51401
Carroll NE 68723
Carroll OH 43112
Carrolls WA 98609
Carrollton AL 35447
Carrollton GA 30112
Carrollton GA 30116
Carrollton GA 30117
Carrollton GA 30118
Carrollton GA 30119
Carrollton IL 62016
Carrollton KY 41008
Carrollton MI 48724
Carrollton MO 64633
Carrollton MS 38917
Carrollton OH 44615
Carrollton TX 75006
Carrollton TX 75007
Carrollton TX 75010
Carrollton TX 75011
Carrollton VA 23314
Carrolltown PA 15722
Carrsville VA 23315
Carson City MI 48811
Carson City NV 89701
Carson City NV 89702
Carson City NV 89703
Carson City NV 89705
Carson City NV 89706
Carson City NV 89711
Carson City NV 89712
Carson City NV 89713
Carson City NV 89714
Carson City NV 89721
Carson CA 90745
Carson CA 90746
Carson CA 90747
Carson CA 90749
Carson CA 90895
Carson IA 51525
Carson MS 39427
Carson ND 58529
Carson NM 87517
Carson VA 23830
Carson WA 98610
Carsonville MI 48419
Carter Lake IA 51510
Carter KY 41128
Carter MT 59420
Carter OK 73627
Carteret NJ 07008
Cartersville GA 30120
Cartersville GA 30121
Cartersville VA 23027
Carterville IL 62918
Carterville MO 64835
Carthage AR 71725
Carthage IL 62321
Carthage IN 46115
Carthage MO 64836
Carthage MS 39051
Carthage NC 28327
Carthage NY 13619
Carthage SD 57323
Carthage TN 37030
Carthage TX 75633
Cartwright ND 58838
Cartwright OK 74731
Caruthers CA 93609
Caruthersville MO 63830
Carver MA 02330
Carver MN 55315
Carversville PA 18913
Carville LA 70721
Cary IL 60013
Cary MS 39054
Cary NC 27511
Cary NC 27512
Cary NC 27513
Cary NC 27518
Cary NC 27519
Caryville FL 32427
Caryville TN 37714
Casa Blanca NM 87007
Casa Grande AZ 85122
Casa Grande AZ 85130
Casa Grande AZ 85193
Casa Grande AZ 85194
Casa Grande AZ 85222
Casa Grande AZ 85230
Casa Grande AZ 85293
Casa Grande AZ 85294
Casa AR 72025
Casanova VA 20139
Casar NC 28020
Cascade Locks OR 97014
Cascade CO 80809
Cascade IA 52033
Cascade ID 83611
Cascade MD 21719
Cascade MO 63632
Cascade MT 59421
Cascade VA 24069
Cascade WI 53011
Cascadia OR 97329
Cascilla MS 38920
Casco ME 04015
Casco MI 48064
Casco WI 54205
Caseville MI 48725
Casey IA 50048
Casey IL 62420
Caseyville IL 62232
Cash AR 72421
Cashiers NC 28717
Cashion AZ 85329
Cashion OK 73016
Cashmere WA 98815
Cashton WI 54619
Cashtown PA 17310
Casmalia CA 93429
Casnovia MI 49318
Cason TX 75636
Caspar CA 95420
Casper WY 82601
Casper WY 82602
Casper WY 82604
Casper WY 82605
Casper WY 82609
Caspian MI 49915
Cass City MI 48726
Cass Lake MN 56633
Cass WV 24927
Cassadaga FL 32706
Cassadaga NY 14718
Cassandra PA 15925
Cassatt SC 29032
Casscoe AR 72026
Cassel CA 96016
Casselberry FL 32707
Casselberry FL 32718
Casselberry FL 32730
Casselton ND 58012
Cassoday KS 66842
Cassopolis MI 49031
Casstown OH 45312
Cassville GA 30123
Cassville MO 65625
Cassville NY 13318
Cassville PA 16623
Cassville WI 53806
Cassville WV 26527
Castaic CA 91310
Castaic CA 91384
Castalia IA 52133
Castalia NC 27816
Castalia OH 44824
Castalian Springs TN 37031
Castana IA 51010
Castanea PA 17726
Castaner PR 00631
Castell TX 76831
Castella CA 96017
Castile NY 14427
Castine ME 04420
Castine ME 04421
Castle Creek NY 13744
Castle Dale UT 84513
Castle Hayne NC 28429
Castle Point NY 12511
Castle Rock CO 80104
Castle Rock CO 80108
Castle Rock CO 80109
Castle Rock MN 55010
Castle Rock WA 98611
Castle OK 74833
Castleberry AL 36432
Castleford ID 83321
Castleton On Hudson NY 12033
Castleton IL 61426
Castleton VA 22716
Castleton VT 05735
Castlewood SD 57223
Castlewood VA 24224
Castor LA 71016
Castorland NY 13620
Castro Valley CA 94546
Castro Valley CA 94552
Castroville CA 95012
Castroville TX 78009
Cat Spring TX 78933
Cataldo ID 83810
Catalina AZ 85738
Catano PR 00962
Catano PR 00963
Cataract WI 54620
Catarina TX 78836
Catasauqua PA 18032
Cataula GA 31804
Cataumet MA 02534
Catawba NC 28609
Catawba OH 43010
Catawba SC 29704
Catawba VA 24070
Catawba WI 54515
Catawissa MO 63015
Catawissa PA 17820
Catharine KS 67627
Catharpin VA 20143
Cathay ND 58422
Cathedral City CA 92234
Cathedral City CA 92235
Catherine AL 36728
Catheys Valley CA 95306
Cathlamet WA 98612
Catlett VA 20119
Catlettsburg KY 41129
Catlin IL 61817
Cato NY 13033
Catonsville MD 21228
Catoosa OK 74015
Catron MO 63833
Catskill NY 12414
Cattaraugus NY 14719
Caulfield MO 65626
Causey NM 88113
Cavalier ND 58220
Cave City AR 72521
Cave City KY 42127
Cave Creek AZ 85327
Cave Creek AZ 85331
Cave In Rock IL 62919
Cave Junction OR 97523
Cave Spring GA 30124
Cave Springs AR 72718
Cavendish VT 05142
Cavetown MD 21720
Cavour SD 57324
Cawker City KS 67430
Cawood KY 40815
Cayce SC 29033
Cayey PR 00736
Cayey PR 00737
Cayucos CA 93430
Cayuga IN 47928
Cayuga ND 58013
Cayuga NY 13034
Cayuga TX 75832
Cayuta NY 14824
Cazadero CA 95421
Cazenovia NY 13035
Cazenovia WI 53924
Cebolla NM 87518
Cecil AL 36013
Cecil AR 72930
Cecil GA 31627
Cecil OH 45821
Cecil PA 15321
Cecil WI 54111
Cecilia KY 42724
Cecilia LA 70521
Cecilton MD 21913
Cedar Bluff AL 35959
Cedar Bluff VA 24609
Cedar Bluffs NE 68015
Cedar Brook NJ 08018
Cedar City UT 84720
Cedar City UT 84721
Cedar Creek NE 68016
Cedar Creek TX 78612
Cedar Crest NM 87008
Cedar Falls IA 50613
Cedar Falls IA 50614
Cedar Falls NC 27230
Cedar Glen CA 92321
Cedar Grove IN 47016
Cedar Grove NC 27231
Cedar Grove NJ 07009
Cedar Grove TN 38321
Cedar Grove WI 53013
Cedar Grove WV 25039
Cedar Hill MO 63016
Cedar Hill TN 37032
Cedar Hill TX 75104
Cedar Hill TX 75106
Cedar Island NC 28520
Cedar Key FL 32625
Cedar Knolls NJ 07927
Cedar Lake IN 46303
Cedar Lake MI 48812
Cedar Lane TX 77415
Cedar Mountain NC 28718
Cedar Park TX 78613
Cedar Park TX 78630
Cedar Point IL 61316
Cedar Point KS 66843
Cedar Rapids IA 52401
Cedar Rapids IA 52402
Cedar Rapids IA 52403
Cedar Rapids IA 52404
Cedar Rapids IA 52405
Cedar Rapids IA 52406
Cedar Rapids IA 52407
Cedar Rapids IA 52408
Cedar Rapids IA 52409
Cedar Rapids IA 52410
Cedar Rapids IA 52411
Cedar Rapids IA 52497
Cedar Rapids IA 52498
Cedar Rapids IA 52499
Cedar Rapids NE 68627
Cedar Ridge CA 95924
Cedar Run PA 17727
Cedar Springs GA 39832
Cedar Springs MI 49319
Cedar Vale KS 67024
Cedar Valley UT 84013
Cedar IA 52543
Cedar KS 67628
Cedar MI 49621
Cedar MN 55011
Cedarbluff MS 39741
Cedarburg WI 53012
Cedarcreek MO 65627
Cedaredge CO 81413
Cedarhurst NY 11516
Cedarpines Park CA 92322
Cedars PA 19423
Cedartown GA 30125
Cedarvale NM 87009
Cedarville AR 72932
Cedarville CA 96104
Cedarville IL 61013
Cedarville MI 49719
Cedarville NJ 08311
Cedarville OH 45314
Cedarville WV 26611
Cee Vee TX 79223
Ceiba PR 00735
Celeste TX 75423
Celestine IN 47521
Celina OH 45822
Celina TN 38551
Celina TX 75009
Celoron NY 14720
Cement City MI 49233
Cement OK 73017
Centenary SC 29519
Centennial WY 82055
Center Barnstead NH 03225
Center City MN 55012
Center Conway NH 03813
Center Cross VA 22437
Center Harbor NH 03226
Center Hill FL 33514
Center Junction IA 52212
Center Line MI 48015
Center Lovell ME 04016
Center Moriches NY 11934
Center Ossipee NH 03814
Center Point IA 52213
Center Point LA 71323
Center Point TX 78010
Center Point WV 26339
Center Ridge AR 72027
Center Rutland VT 05736
Center Sandwich NH 03227
Center Strafford NH 03815
Center Tuftonboro NH 03816
Center Valley PA 18034
Center CO 81125
Center KY 42214
Center MO 63436
Center ND 58530
Center NE 68724
Center TX 75935
Centerbrook CT 06409
Centerburg OH 43011
Centereach NY 11720
Centerfield UT 84622
Centerpoint IN 47840
Centerport NY 11721
Centerport PA 19516
Centerton AR 72719
Centertown KY 42328
Centertown MO 65023
Centerview MO 64019
Centerville AR 72829
Centerville GA 31028
Centerville IA 52544
Centerville IN 47330
Centerville KS 66014
Centerville LA 70522
Centerville MA 02632
Centerville MA 02634
Centerville MA 02636
Centerville MO 63633
Centerville NY 14029
Centerville PA 16404
Centerville SD 57014
Centerville TN 37033
Centerville TX 75833
Centerville UT 84014
Centerville WA 98613
Centrahoma OK 74534
Central Bridge NY 12035
Central City CO 80427
Central City IA 52214
Central City KY 42330
Central City NE 68826
Central City PA 15926
Central Falls RI 02863
Central Islip NY 11722
Central Lake MI 49622
Central Point OR 97502
Central Square NY 13036
Central Valley NY 10917
Central Village CT 06332
Central AK 99730
Central AZ 85531
Central IN 47110
Central SC 29630
Central UT 84722
Centralia IL 62801
Centralia KS 66415
Centralia MO 65240
Centralia TX 75834
Centralia WA 98531
Centre Hall PA 16828
Centre AL 35960
Centreville AL 35042
Centreville MD 21617
Centreville MI 49032
Centreville MS 39631
Centreville VA 20120
Centreville VA 20121
Centreville VA 20122
Centuria WI 54824
Century FL 32535
Ceredo WV 25507
Ceres CA 95307
Ceres NY 14721
Ceres VA 24318
Ceresco MI 49033
Ceresco NE 68017
Cerrillos NM 87010
Cerritos CA 90703
Cerro Gordo IL 61818
Cerro Gordo NC 28430
Cerro NM 87519
Cerulean KY 42215
Ceylon MN 56121
Chacon NM 87713
Chadbourn NC 28431
Chadds Ford PA 19317
Chadron NE 69337
Chadwick IL 61014
Chadwick MO 65629
Chadwicks NY 13319
Chaffee MO 63740
Chaffee NY 14030
Chagrin Falls OH 44022
Chagrin Falls OH 44023
Chalfont PA 18914
Chalk Hill PA 15421
Chalkyitsik AK 99788
Challenge CA 95925
Challis ID 83226
Chalmers IN 47929
Chalmette LA 70043
Chalmette LA 70044
Chama CO 81126
Chama NM 87520
Chamberino NM 88027
Chamberlain ME 04541
Chamberlain SD 57325
Chamberlain SD 57326
Chambers AZ 86502
Chambers NE 68725
Chambersburg IL 62323
Chambersburg PA 17201
Chambersburg PA 17202
Chambersville PA 15723
Chamisal NM 87521
Chamois MO 65024
Champaign IL 61820
Champaign IL 61821
Champaign IL 61822
Champaign IL 61824
Champaign IL 61825
Champaign IL 61826
Champion MI 49814
Champion NE 69023
Champion PA 15622
Champlain NY 12919
Champlain VA 22438
Champlin MN 55316
Chana IL 61015
Chancellor AL 36316
Chancellor SD 57015
Chandler Heights AZ 85127
Chandler Heights AZ 85227
Chandler AZ 85224
Chandler AZ 85225
Chandler AZ 85226
Chandler AZ 85244
Chandler AZ 85246
Chandler AZ 85248
Chandler AZ 85249
Chandler AZ 85286
Chandler IN 47610
Chandler MN 56122
Chandler OK 74834
Chandler TX 75758
Chandlers Valley PA 16312
Chandlersville OH 43727
Chandlerville IL 62627
Changewater NJ 07831
Chanhassen MN 55317
Channahon IL 60410
Channelview TX 77530
Channing MI 49815
Channing TX 79018
Chantilly VA 20151
Chantilly VA 20152
Chantilly VA 20153
Chanute KS 66720
Chaparral NM 88081
Chapel Hill NC 27514
Chapel Hill NC 27515
Chapel Hill NC 27516
Chapel Hill NC 27517
Chapel Hill NC 27599
Chapel Hill TN 37034
Chapin IA 50427
Chapin IL 62628
Chapin SC 29036
Chaplin CT 06235
Chaplin KY 40012
Chapman Ranch TX 78347
Chapman AL 36015
Chapman KS 67431
Chapman NE 68827
Chapmansboro TN 37035
Chapmanville WV 25508
Chappaqua NY 10514
Chappell Hill TX 77426
Chappell KY 40816
Chappell NE 69129
Chappells SC 29037
Chaptico MD 20621
Chardon OH 44024
Charenton LA 70523
Chariton IA 50049
Charlemont MA 01339
Charleroi PA 15022
Charles City IA 50616
Charles City VA 23030
Charles Town WV 25414
Charleston Afb SC 29404
Charleston AR 72933
Charleston IL 61920
Charleston ME 04422
Charleston MO 63834
Charleston MS 38921
Charleston SC 29401
Charleston SC 29402
Charleston SC 29403
Charleston SC 29406
Charleston SC 29407
Charleston SC 29409
Charleston SC 29412
Charleston SC 29413
Charleston SC 29414
Charleston SC 29416
Charleston SC 29417
Charleston SC 29422
Charleston SC 29423
Charleston SC 29424
Charleston SC 29425
Charleston SC 29492
Charleston TN 37310
Charleston WV 25301
Charleston WV 25302
Charleston WV 25303
Charleston WV 25304
Charleston WV 25305
Charleston WV 25306
Charleston WV 25309
Charleston WV 25311
Charleston WV 25312
Charleston WV 25313
Charleston WV 25314
Charleston WV 25315
Charleston WV 25317
Charleston WV 25320
Charleston WV 25321
Charleston WV 25322
Charleston WV 25323
Charleston WV 25324
Charleston WV 25325
Charleston WV 25326
Charleston WV 25327
Charleston WV 25328
Charleston WV 25329
Charleston WV 25330
Charleston WV 25331
Charleston WV 25332
Charleston WV 25333
Charleston WV 25334
Charleston WV 25335
Charleston WV 25336
Charleston WV 25337
Charleston WV 25338
Charleston WV 25339
Charleston WV 25350
Charleston WV 25356
Charleston WV 25357
Charleston WV 25358
Charleston WV 25360
Charleston WV 25361
Charleston WV 25362
Charleston WV 25364
Charleston WV 25365
Charleston WV 25375
Charleston WV 25387
Charleston WV 25389
Charleston WV 25392
Charleston WV 25396
Charlestown IN 47111
Charlestown MA 02129
Charlestown MD 21914
Charlestown NH 03603
Charlestown RI 02813
Charlevoix MI 49720
Charlo MT 59824
Charlotte Court House VA 23923
Charlotte Hall MD 20622
Charlotte AR 72522
Charlotte IA 52731
Charlotte MI 48813
Charlotte NC 28201
Charlotte NC 28202
Charlotte NC 28203
Charlotte NC 28204
Charlotte NC 28205
Charlotte NC 28206
Charlotte NC 28207
Charlotte NC 28208
Charlotte NC 28209
Charlotte NC 28210
Charlotte NC 28211
Charlotte NC 28212
Charlotte NC 28213
Charlotte NC 28214
Charlotte NC 28215
Charlotte NC 28216
Charlotte NC 28217
Charlotte NC 28218
Charlotte NC 28219
Charlotte NC 28220
Charlotte NC 28221
Charlotte NC 28222
Charlotte NC 28223
Charlotte NC 28224
Charlotte NC 28226
Charlotte NC 28227
Charlotte NC 28228
Charlotte NC 28229
Charlotte NC 28230
Charlotte NC 28231
Charlotte NC 28232
Charlotte NC 28233
Charlotte NC 28234
Charlotte NC 28235
Charlotte NC 28236
Charlotte NC 28237
Charlotte NC 28241
Charlotte NC 28242
Charlotte NC 28243
Charlotte NC 28244
Charlotte NC 28246
Charlotte NC 28247
Charlotte NC 28250
Charlotte NC 28253
Charlotte NC 28254
Charlotte NC 28255
Charlotte NC 28256
Charlotte NC 28258
Charlotte NC 28260
Charlotte NC 28262
Charlotte NC 28263
Charlotte NC 28265
Charlotte NC 28266
Charlotte NC 28269
Charlotte NC 28270
Charlotte NC 28271
Charlotte NC 28272
Charlotte NC 28273
Charlotte NC 28274
Charlotte NC 28275
Charlotte NC 28277
Charlotte NC 28278
Charlotte NC 28280
Charlotte NC 28281
Charlotte NC 28282
Charlotte NC 28284
Charlotte NC 28285
Charlotte NC 28287
Charlotte NC 28288
Charlotte NC 28289
Charlotte NC 28290
Charlotte NC 28296
Charlotte NC 28297
Charlotte NC 28299
Charlotte TN 37036
Charlotte TX 78011
Charlotte VT 05445
Charlottesville IN 46117
Charlottesville VA 22901
Charlottesville VA 22902
Charlottesville VA 22903
Charlottesville VA 22904
Charlottesville VA 22905
Charlottesville VA 22906
Charlottesville VA 22907
Charlottesville VA 22908
Charlottesville VA 22909
Charlottesville VA 22910
Charlottesville VA 22911
Charlotteville NY 12036
Charlton City MA 01508
Charlton Depot MA 01509
Charlton Heights WV 25040
Charlton MA 01507
Charm OH 44617
Charmco WV 25958
Charter Oak IA 51439
Chartley MA 02712
Chase City VA 23924
Chase Mills NY 13621
Chase KS 67524
Chase LA 71324
Chase MD 21027
Chase MI 49623
Chaseburg WI 54621
Chaseley ND 58423
Chaska MN 55318
Chassell MI 49916
Chataignier LA 70524
Chatawa MS 39632
Chateaugay NY 12920
Chatfield MN 55923
Chatfield OH 44825
Chatfield TX 75105
Chatham IL 62629
Chatham LA 71226
Chatham MA 02633
Chatham MI 49816
Chatham MS 38731
Chatham NJ 07928
Chatham NY 12037
Chatham PA 19318
Chatham VA 24531
Chatom AL 36518
Chatsworth CA 91311
Chatsworth CA 91313
Chatsworth GA 30705
Chatsworth IA 51011
Chatsworth IL 60921
Chatsworth NJ 08019
Chattahoochee FL 32324
Chattanooga OK 73528
Chattanooga TN 37401
Chattanooga TN 37402
Chattanooga TN 37403
Chattanooga TN 37404
Chattanooga TN 37405
Chattanooga TN 37406
Chattanooga TN 37407
Chattanooga TN 37408
Chattanooga TN 37409
Chattanooga TN 37410
Chattanooga TN 37411
Chattanooga TN 37412
Chattanooga TN 37414
Chattanooga TN 37415
Chattanooga TN 37416
Chattanooga TN 37419
Chattanooga TN 37421
Chattanooga TN 37422
Chattanooga TN 37424
Chattanooga TN 37450
Chattaroy WA 99003
Chattaroy WV 25667
Chaumont NY 13622
Chauncey GA 31011
Chauncey OH 45719
Chauncey WV 25612
Chautauqua KS 67334
Chautauqua NY 14722
Chauvin LA 70344
Chavies KY 41727
Chazy NY 12921
Chebanse IL 60922
Chebeague Island ME 04017
Cheboygan MI 49721
Check VA 24072
Checotah OK 74426
Chefornak AK 99561
Chehalis WA 98532
Chelan Falls WA 98817
Chelan WA 98816
Chelmsford MA 01824
Chelsea AL 35043
Chelsea IA 52215
Chelsea MA 02150
Chelsea MI 48118
Chelsea NY 12512
Chelsea OK 74016
Chelsea VT 05038
Cheltenham MD 20623
Cheltenham PA 19012
Chemult OR 97731
Chemung NY 14825
Chenango Bridge NY 13745
Chenango Forks NY 13746
Cheney KS 67025
Cheney WA 99004
Cheneyville LA 71325
Chenoa IL 61726
Chepachet RI 02814
Cheraw CO 81030
Cheraw SC 29520
Cheriton VA 23316
Cherokee Village AR 72525
Cherokee Village AR 72529
Cherokee AL 35616
Cherokee IA 51012
Cherokee KS 66724
Cherokee NC 28719
Cherokee OK 73728
Cherokee TX 76832
Cherry Creek NY 14723
Cherry Creek SD 57622
Cherry Fork OH 45618
Cherry Hill NJ 08002
Cherry Hill NJ 08003
Cherry Hill NJ 08034
Cherry Log GA 30522
Cherry Plain NY 12040
Cherry Point NC 28533
Cherry Tree PA 15724
Cherry Valley AR 72324
Cherry Valley IL 61016
Cherry Valley MA 01611
Cherry Valley NY 13320
Cherry IL 61317
Cherryfield ME 04622
Cherryvale KS 67335
Cherryville MO 65446
Cherryville NC 28021
Cherryville PA 18035
Chesaning MI 48616
Chesapeake Beach MD 20732
Chesapeake City MD 21915
Chesapeake OH 45619
Chesapeake VA 23320
Chesapeake VA 23321
Chesapeake VA 23322
Chesapeake VA 23323
Chesapeake VA 23324
Chesapeake VA 23325
Chesapeake VA 23326
Chesapeake VA 23327
Chesapeake VA 23328
Cheshire CT 06408
Cheshire CT 06410
Cheshire CT 06411
Cheshire MA 01225
Cheshire OH 45620
Cheshire OR 97419
Chesnee SC 29323
Chest Springs PA 16624
Chester Depot VT 05144
Chester Gap VA 22623
Chester Heights PA 19017
Chester Springs PA 19425
Chester AR 72934
Chester CA 96020
Chester CT 06412
Chester GA 31012
Chester IA 52134
Chester ID 83421
Chester IL 62233
Chester MA 01011
Chester MD 21619
Chester MT 59522
Chester NE 68327
Chester NH 03036
Chester NJ 07930
Chester NY 10918
Chester OH 45720
Chester OK 73838
Chester PA 19013
Chester PA 19016
Chester SC 29706
Chester SD 57016
Chester TX 75936
Chester UT 84623
Chester VA 23831
Chester VA 23836
Chester VT 05143
Chester WV 26034
Chesterfield IL 62630
Chesterfield MA 01012
Chesterfield MO 63005
Chesterfield MO 63006
Chesterfield MO 63017
Chesterfield NH 03443
Chesterfield NJ 08515
Chesterfield SC 29709
Chesterfield VA 23832
Chesterfield VA 23838
Chesterhill OH 43728
Chesterland OH 44026
Chesterton IN 46304
Chestertown MD 21620
Chestertown MD 21690
Chestertown NY 12817
Chesterville OH 43317
Chestnut Hill MA 02467
Chestnut Mound TN 38552
Chestnut Mountain GA 30502
Chestnut Ridge PA 15422
Chestnut IL 62518
Chestnutridge MO 65630
Cheswick PA 15024
Cheswold DE 19936
Chetek WI 54728
Chetopa KS 67336
Chevak AK 99563
Chevy Chase MD 20815
Chevy Chase MD 20825
Chewalla TN 38393
Chewelah WA 99109
Chewsville MD 21721
Cheyenne Wells CO 80810
Cheyenne OK 73628
Cheyenne WY 82001
Cheyenne WY 82002
Cheyenne WY 82003
Cheyenne WY 82006
Cheyenne WY 82007
Cheyenne WY 82008
Cheyenne WY 82009
Cheyenne WY 82010
Cheyney PA 19319
Chicago Heights IL 60411
Chicago Heights IL 60412
Chicago Park CA 95712
Chicago Ridge IL 60415
Chicago IL 60290
Chicago IL 60601
Chicago IL 60602
Chicago IL 60603
Chicago IL 60604
Chicago IL 60605
Chicago IL 60606
Chicago IL 60607
Chicago IL 60608
Chicago IL 60609
Chicago IL 60610
Chicago IL 60611
Chicago IL 60612
Chicago IL 60613
Chicago IL 60614
Chicago IL 60615
Chicago IL 60616
Chicago IL 60617
Chicago IL 60618
Chicago IL 60619
Chicago IL 60620
Chicago IL 60621
Chicago IL 60622
Chicago IL 60623
Chicago IL 60624
Chicago IL 60625
Chicago IL 60626
Chicago IL 60628
Chicago IL 60629
Chicago IL 60630
Chicago IL 60631
Chicago IL 60632
Chicago IL 60633
Chicago IL 60634
Chicago IL 60636
Chicago IL 60637
Chicago IL 60638
Chicago IL 60639
Chicago IL 60640
Chicago IL 60641
Chicago IL 60642
Chicago IL 60643
Chicago IL 60644
Chicago IL 60645
Chicago IL 60646
Chicago IL 60647
Chicago IL 60649
Chicago IL 60651
Chicago IL 60652
Chicago IL 60653
Chicago IL 60654
Chicago IL 60655
Chicago IL 60656
Chicago IL 60657
Chicago IL 60659
Chicago IL 60660
Chicago IL 60661
Chicago IL 60663
Chicago IL 60664
Chicago IL 60666
Chicago IL 60668
Chicago IL 60669
Chicago IL 60670
Chicago IL 60673
Chicago IL 60674
Chicago IL 60675
Chicago IL 60677
Chicago IL 60678
Chicago IL 60679
Chicago IL 60680
Chicago IL 60681
Chicago IL 60682
Chicago IL 60684
Chicago IL 60685
Chicago IL 60686
Chicago IL 60687
Chicago IL 60688
Chicago IL 60689
Chicago IL 60690
Chicago IL 60691
Chicago IL 60693
Chicago IL 60694
Chicago IL 60695
Chicago IL 60696
Chicago IL 60697
Chicago IL 60699
Chicago IL 60701
Chichester NH 03258
Chichester NY 12416
Chickamauga GA 30707
Chickasaw OH 45826
Chickasha OK 73018
Chickasha OK 73023
Chicken AK 99732
Chico CA 95926
Chico CA 95927
Chico CA 95928
Chico CA 95929
Chico CA 95973
Chico CA 95976
Chico TX 76431
Chicopee MA 01013
Chicopee MA 01014
Chicopee MA 01020
Chicopee MA 01021
Chicopee MA 01022
Chicora PA 16025
Chicota TX 75425
Chidester AR 71726
Chiefland FL 32626
Chiefland FL 32644
Chignik Lagoon AK 99565
Chignik Lake AK 99548
Chignik AK 99564
Chilcoot CA 96105
Childersburg AL 35044
Childress TX 79201
Childs MD 21916
Childwold NY 12922
Chilhowee MO 64733
Chilhowie VA 24319
Chili WI 54420
Chillicothe IA 52548
Chillicothe IL 61523
Chillicothe MO 64601
Chillicothe OH 45601
Chillicothe TX 79225
Chilmark MA 02535
Chilo OH 45112
Chiloquin OR 97624
Chilton TX 76632
Chilton WI 53014
Chimacum WA 98325
Chimayo NM 87522
Chimney Rock CO 81127
Chimney Rock NC 28720
China Grove NC 28023
China Spring TX 76633
China Village ME 04926
China TX 77613
Chinchilla PA 18410
Chincoteague Island VA 23336
Chinese Camp CA 95309
Chinle AZ 86503
Chino Hills CA 91709
Chino Valley AZ 86323
Chino CA 91708
Chino CA 91710
Chinook MT 59523
Chinook WA 98614
Chinquapin NC 28521
Chipley FL 32428
Chippewa Bay NY 13623
Chippewa Falls WI 54729
Chippewa Falls WI 54774
Chippewa Lake MI 49320
Chippewa Lake OH 44215
Chireno TX 75937
Chisago City MN 55013
Chisholm MN 55719
Chitina AK 99566
Chittenango NY 13037
Chittenden VT 05737
Chloe WV 25235
Chloride AZ 86431
Choccolocco AL 36254
Chocorua NH 03817
Chocowinity NC 27817
Choctaw AR 72028
Choctaw OK 73020
Chokio MN 56221
Chokoloskee FL 34138
Choteau MT 59422
Choudrant LA 71227
Chouteau OK 74337
Chowchilla CA 93610
Chriesman TX 77838
Chrisman IL 61924
Chrisney IN 47611
Christchurch VA 23031
Christiana PA 17509
Christiana TN 37037
Christiansburg OH 45389
Christiansburg VA 24068
Christiansburg VA 24073
Christiansted VI 00820
Christiansted VI 00821
Christiansted VI 00822
Christiansted VI 00823
Christiansted VI 00824
Christine ND 58015
Christine TX 78012
Christmas Valley OR 97641
Christmas FL 32709
Christopher IL 62822
Christoval TX 76935
Chromo CO 81128
Chualar CA 93925
Chuckey TN 37641
Chugiak AK 99567
Chugwater WY 82210
Chula Vista CA 91909
Chula Vista CA 91910
Chula Vista CA 91911
Chula Vista CA 91912
Chula Vista CA 91913
Chula Vista CA 91914
Chula Vista CA 91915
Chula Vista CA 91921
Chula GA 31733
Chula MO 64635
Chunchula AL 36521
Chunky MS 39323
Church Creek MD 21622
Church Hill MD 21623
Church Hill TN 37642
Church Point LA 70525
Church Road VA 23833
Church Rock NM 87311
Church View VA 23032
Churchs Ferry ND 58325
Churchton MD 20733
Churchville MD 21028
Churchville NY 14428
Churchville VA 24421
Churdan IA 50050
Churubusco IN 46723
Churubusco NY 12923
Chuuk FM 96942
Ciales PR 00638
Cibecue AZ 85911
Cibola AZ 85328
Cibolo TX 78108
Cicero IL 60804
Cicero IN 46034
Cicero NY 13039
Cidra PR 00739
Cima CA 92323
Cimarron CO 81220
Cimarron KS 67835
Cimarron NM 87714
Cincinnati IA 52549
Cincinnati OH 45201
Cincinnati OH 45202
Cincinnati OH 45203
Cincinnati OH 45204
Cincinnati OH 45205
Cincinnati OH 45206
Cincinnati OH 45207
Cincinnati OH 45208
Cincinnati OH 45209
Cincinnati OH 45211
Cincinnati OH 45212
Cincinnati OH 45213
Cincinnati OH 45214
Cincinnati OH 45215
Cincinnati OH 45216
Cincinnati OH 45217
Cincinnati OH 45218
Cincinnati OH 45219
Cincinnati OH 45220
Cincinnati OH 45221
Cincinnati OH 45222
Cincinnati OH 45223
Cincinnati OH 45224
Cincinnati OH 45225
Cincinnati OH 45226
Cincinnati OH 45227
Cincinnati OH 45228
Cincinnati OH 45229
Cincinnati OH 45230
Cincinnati OH 45231
Cincinnati OH 45232
Cincinnati OH 45233
Cincinnati OH 45234
Cincinnati OH 45235
Cincinnati OH 45236
Cincinnati OH 45237
Cincinnati OH 45238
Cincinnati OH 45239
Cincinnati OH 45240
Cincinnati OH 45241
Cincinnati OH 45242
Cincinnati OH 45243
Cincinnati OH 45244
Cincinnati OH 45245
Cincinnati OH 45246
Cincinnati OH 45247
Cincinnati OH 45248
Cincinnati OH 45249
Cincinnati OH 45250
Cincinnati OH 45251
Cincinnati OH 45252
Cincinnati OH 45253
Cincinnati OH 45254
Cincinnati OH 45255
Cincinnati OH 45258
Cincinnati OH 45262
Cincinnati OH 45263
Cincinnati OH 45264
Cincinnati OH 45267
Cincinnati OH 45268
Cincinnati OH 45269
Cincinnati OH 45270
Cincinnati OH 45271
Cincinnati OH 45273
Cincinnati OH 45274
Cincinnati OH 45275
Cincinnati OH 45277
Cincinnati OH 45280
Cincinnati OH 45296
Cincinnati OH 45298
Cincinnati OH 45299
Cincinnati OH 45999
Cincinnatus NY 13040
Cinebar WA 98533
Circle Pines MN 55014
Circle AK 99733
Circle MT 59215
Circleville KS 66416
Circleville NY 10919
Circleville OH 43113
Circleville UT 84723
Circleville WV 26804
Cisco GA 30708
Cisco IL 61830
Cisco TX 76437
Cisco UT 84515
Cisne IL 62823
Cissna Park IL 60924
Citra FL 32113
Citronelle AL 36522
Citrus Heights CA 95610
Citrus Heights CA 95611
Citrus Heights CA 95621
City Of Industry CA 91714
City Of Industry CA 91715
City Of Industry CA 91716
Clackamas OR 97015
Claflin KS 67525
Claiborne MD 21624
Claire City SD 57224
Clairfield TN 37715
Clairton PA 15025
Clallam Bay WA 98326
Clam Gulch AK 99568
Clam Lake WI 54517
Clancy MT 59634
Clanton AL 35045
Clanton AL 35046
Clara City MN 56222
Clara MS 39324
Clarcona FL 32710
Clare IA 50524
Clare IL 60111
Clare MI 48617
Claremont CA 91711
Claremont IL 62421
Claremont MN 55924
Claremont NC 28610
Claremont NH 03743
Claremont SD 57432
Claremont VA 23899
Claremore OK 74017
Claremore OK 74018
Claremore OK 74019
Clarence Center NY 14032
Clarence IA 52216
Clarence LA 71414
Clarence MO 63437
Clarence NY 14031
Clarence PA 16829
Clarendon Hills IL 60514
Clarendon AR 72029
Clarendon NC 28432
Clarendon NY 14429
Clarendon PA 16313
Clarendon TX 79226
Claridge PA 15623
Clarinda IA 51632
Clarington OH 43915
Clarington PA 15828
Clarion IA 50525
Clarion IA 50526
Clarion PA 16214
Clarissa MN 56440
Clarita OK 74535
Clark Fork ID 83811
Clark Mills NY 13321
Clark CO 80428
Clark MO 65243
Clark NJ 07066
Clark PA 16113
Clark SD 57225
Clarkdale AZ 86324
Clarkdale GA 30111
Clarkedale AR 72325
Clarkesville GA 30523
Clarkfield MN 56223
Clarkia ID 83812
Clarklake MI 49234
Clarkrange TN 38553
Clarkridge AR 72623
Clarks Grove MN 56016
Clarks Hill IN 47930
Clarks Hill SC 29821
Clarks Mills PA 16114
Clarks Point AK 99569
Clarks Summit PA 18411
Clarks LA 71415
Clarks NE 68628
Clarksboro NJ 08020
Clarksburg CA 95612
Clarksburg IN 47225
Clarksburg MD 20871
Clarksburg MO 65025
Clarksburg OH 43115
Clarksburg PA 15725
Clarksburg TN 38324
Clarksburg WV 26301
Clarksburg WV 26302
Clarksburg WV 26306
Clarksdale MO 64430
Clarksdale MS 38614
Clarkson KY 42726
Clarkson NE 68629
Clarkson NY 14430
Clarkston GA 30021
Clarkston MI 48346
Clarkston MI 48347
Clarkston MI 48348
Clarkston UT 84305
Clarkston WA 99403
Clarksville AR 72830
Clarksville FL 32430
Clarksville IA 50619
Clarksville IN 47129
Clarksville MD 21029
Clarksville MI 48815
Clarksville MO 63336
Clarksville NY 12041
Clarksville OH 45113
Clarksville PA 15322
Clarksville TN 37040
Clarksville TN 37041
Clarksville TN 37042
Clarksville TN 37043
Clarksville TN 37044
Clarksville TX 75426
Clarksville VA 23927
Clarkton MO 63837
Clarkton NC 28433
Claryville NY 12725
Clatonia NE 68328
Clatskanie OR 97016
Claude TX 79019
Claudville VA 24076
Claunch NM 87011
Claverack NY 12513
Clawson MI 48017
Clawson UT 84516
Claxton GA 30417
Clay Center KS 67432
Clay Center NE 68933
Clay Center OH 43408
Clay City IL 62824
Clay City IN 47841
Clay City KY 40312
Clay Springs AZ 85923
Clay AL 35048
Clay KY 42404
Clay NY 13041
Clay WV 25043
Clayhole KY 41317
Claymont DE 19703
Claypool AZ 85532
Claypool IN 46510
Claysburg PA 16625
Claysville PA 15323
Clayton Lake ME 04737
Clayton AL 36016
Clayton CA 94517
Clayton DE 19938
Clayton GA 30525
Clayton ID 83227
Clayton IL 62324
Clayton IN 46118
Clayton KS 67629
Clayton LA 71326
Clayton MI 49235
Clayton NC 27520
Clayton NC 27527
Clayton NC 27528
Clayton NJ 08312
Clayton NM 88415
Clayton NY 13624
Clayton OH 45315
Clayton OK 74536
Clayton TX 75637
Clayton WA 99110
Clayton WI 54004
Claytonville IL 60926
Clayville NY 13322
Clayville RI 02815
Cle Elum WA 98922
Clear Brook VA 22624
Clear Creek IN 47426
Clear Creek WV 25044
Clear Fork WV 24822
Clear Lake IA 50428
Clear Lake MN 55319
Clear Lake SD 57226
Clear Lake WI 54005
Clear Spring MD 21722
Clear AK 99704
Clearbrook MN 56634
Clearfield IA 50840
Clearfield KY 40313
Clearfield PA 16830
Clearfield UT 84015
Clearfield UT 84016
Clearfield UT 84089
Clearlake Oaks CA 95423
Clearlake Park CA 95424
Clearlake CA 95422
Clearlake WA 98235
Clearmont MO 64431
Clearmont WY 82835
Clearview City KS 66019
Clearville PA 15535
Clearwater Beach FL 33767
Clearwater FL 33755
Clearwater FL 33756
Clearwater FL 33757
Clearwater FL 33758
Clearwater FL 33759
Clearwater FL 33760
Clearwater FL 33761
Clearwater FL 33762
Clearwater FL 33763
Clearwater FL 33764
Clearwater FL 33765
Clearwater FL 33766
Clearwater FL 33769
Clearwater KS 67026
Clearwater MN 55320
Clearwater NE 68726
Clearwater SC 29822
Cleaton KY 42332
Cleburne TX 76031
Cleburne TX 76033
Cleghorn IA 51014
Clementon NJ 08021
Clements CA 95227
Clements MD 20624
Clements MN 56224
Clemmons NC 27012
Clemons IA 50051
Clemons NY 12819
Clemson SC 29631
Clemson SC 29632
Clemson SC 29633
Clemson SC 29634
Clendenin WV 25045
Cleo Springs OK 73729
Clermont FL 34711
Clermont FL 34712
Clermont FL 34713
Clermont FL 34714
Clermont FL 34715
Clermont GA 30527
Clermont IA 52135
Clermont KY 40110
Cleveland AL 35049
Cleveland AR 72030
Cleveland GA 30528
Cleveland MN 56017
Cleveland MO 64734
Cleveland MS 38732
Cleveland MS 38733
Cleveland NC 27013
Cleveland ND 58424
Cleveland NM 87715
Cleveland NY 13042
Cleveland OH 44101
Cleveland OH 44102
Cleveland OH 44103
Cleveland OH 44104
Cleveland OH 44105
Cleveland OH 44106
Cleveland OH 44108
Cleveland OH 44109
Cleveland OH 44110
Cleveland OH 44111
Cleveland OH 44112
Cleveland OH 44113
Cleveland OH 44114
Cleveland OH 44115
Cleveland OH 44118
Cleveland OH 44119
Cleveland OH 44120
Cleveland OH 44121
Cleveland OH 44124
Cleveland OH 44125
Cleveland OH 44126
Cleveland OH 44127
Cleveland OH 44128
Cleveland OH 44129
Cleveland OH 44130
Cleveland OH 44134
Cleveland OH 44135
Cleveland OH 44143
Cleveland OH 44144
Cleveland OH 44178
Cleveland OH 44181
Cleveland OH 44185
Cleveland OH 44188
Cleveland OH 44189
Cleveland OH 44190
Cleveland OH 44191
Cleveland OH 44192
Cleveland OH 44193
Cleveland OH 44194
Cleveland OH 44195
Cleveland OH 44197
Cleveland OH 44198
Cleveland OH 44199
Cleveland OK 74020
Cleveland SC 29635
Cleveland TN 37311
Cleveland TN 37312
Cleveland TN 37320
Cleveland TN 37323
Cleveland TN 37364
Cleveland TX 77327
Cleveland TX 77328
Cleveland UT 84518
Cleveland VA 24225
Cleveland WI 53015
Cleveland WV 26215
Clever MO 65631
Cleverdale NY 12820
Cleves OH 45002
Clewiston FL 33440
Cliff Island ME 04019
Cliff NM 88028
Clifford IN 47226
Clifford MI 48727
Clifford ND 58016
Clifford PA 18413
Clifford VA 24533
Cliffside Park NJ 07010
Cliffside NC 28024
Cliffwood NJ 07721
Clifton Forge VA 24422
Clifton Heights PA 19018
Clifton Hill MO 65244
Clifton Park NY 12065
Clifton Springs NY 14432
Clifton AZ 85533
Clifton CO 81520
Clifton ID 83228
Clifton IL 60927
Clifton KS 66937
Clifton NJ 07011
Clifton NJ 07012
Clifton NJ 07013
Clifton NJ 07014
Clifton NJ 07015
Clifton OH 45316
Clifton SC 29324
Clifton TN 38425
Clifton TX 76634
Clifton VA 20124
Clifty KY 42216
Climax Springs MO 65324
Climax CO 80429
Climax GA 39834
Climax MI 49034
Climax MN 56523
Climax NC 27233
Climax NY 12042
Climbing Hill IA 51015
Clinchco VA 24226
Clinchfield GA 31013
Clines Corners NM 87070
Clint TX 79836
Clinton Corners NY 12514
Clinton Township MI 48035
Clinton Township MI 48036
Clinton Township MI 48038
Clinton AL 35448
Clinton AR 72031
Clinton CT 06413
Clinton IA 52732
Clinton IA 52733
Clinton IA 52734
Clinton IA 52736
Clinton IL 61727
Clinton IN 47842
Clinton KY 42031
Clinton LA 70722
Clinton MA 01510
Clinton MD 20735
Clinton ME 04927
Clinton MI 49236
Clinton MN 56225
Clinton MO 64735
Clinton MS 39056
Clinton MS 39058
Clinton MS 39060
Clinton MT 59825
Clinton NC 28328
Clinton NC 28329
Clinton NJ 08809
Clinton NY 13323
Clinton OH 44216
Clinton OK 73601
Clinton PA 15026
Clinton SC 29325
Clinton TN 37716
Clinton TN 37717
Clinton WA 98236
Clinton WI 53525
Clintondale NY 12515
Clintonville PA 16372
Clintonville WI 54929
Clintwood VA 24228
Clio AL 36017
Clio CA 96106
Clio IA 50052
Clio MI 48420
Clio SC 29525
Clipper Mills CA 95930
Clitherall MN 56524
Clive IA 50325
Clockville NY 13043
Clontarf MN 56226
Clopton AL 36317
Cloquet MN 55720
Closplint KY 40927
Closter NJ 07624
Clothier WV 25047
Cloudcroft NM 88317
Cloutierville LA 71416
Clover SC 29710
Clover VA 24534
Cloverdale AL 35617
Cloverdale CA 95425
Cloverdale IN 46120
Cloverdale MI 49035
Cloverdale OH 45827
Cloverdale OR 97112
Cloverdale VA 24077
Cloverport KY 40111
Clovis CA 93611
Clovis CA 93612
Clovis CA 93613
Clovis CA 93619
Clovis NM 88101
Clovis NM 88102
Clubb MO 63934
Clune PA 15727
Cluster Springs VA 24535
Clute TX 77531
Clutier IA 52217
Clyde Park MT 59018
Clyde KS 66938
Clyde MO 64432
Clyde NC 28721
Clyde NY 14433
Clyde OH 43410
Clyde TX 79510
Clyman WI 53016
Clymer NY 14724
Clymer PA 15728
Clyo GA 31303
Coachella CA 92236
Coahoma MS 38617
Coahoma TX 79511
Coal Center PA 15423
Coal City IL 60416
Coal City IN 47427
Coal City WV 25823
Coal Creek CO 81221
Coal Hill AR 72832
Coal Mountain WV 24823
Coal Run OH 45721
Coal Township PA 17866
Coal Valley IL 61240
Coaldale CO 81222
Coaldale PA 18218
Coalfield TN 37719
Coalgate OK 74538
Coalgood KY 40818
Coaling AL 35449
Coalinga CA 93210
Coalmont CO 80430
Coalmont IN 47845
Coalmont TN 37313
Coalport PA 16627
Coalton OH 45621
Coalton WV 26257
Coalville UT 84017
Coamo PR 00769
Coarsegold CA 93614
Coatesville IN 46121
Coatesville PA 19320
Coats KS 67028
Coats NC 27521
Coatsburg IL 62325
Coatsville MO 63535
Cobalt CT 06414
Cobalt ID 83229
Cobb Island MD 20625
Cobb CA 95426
Cobb GA 31735
Cobb WI 53526
Cobbs Creek VA 23035
Cobbtown GA 30420
Cobden IL 62920
Cobleskill NY 12043
Coburn PA 16832
Cochecton Center NY 12727
Cochecton NY 12726
Cochise AZ 85606
Cochiti Lake NM 87083
Cochiti Pueblo NM 87072
Cochran GA 31014
Cochrane WI 54622
Cochranton PA 16314
Cochranville PA 19330
Cockeysville MD 21030
Cocoa Beach FL 32931
Cocoa Beach FL 32932
Cocoa FL 32922
Cocoa FL 32923
Cocoa FL 32924
Cocoa FL 32926
Cocoa FL 32927
Cocolalla ID 83813
Cocolamus PA 17014
Coconut Creek FL 33097
Coden AL 36523
Codorus PA 17311
Cody NE 69211
Cody WY 82414
Coeburn VA 24230
Coello IL 62825
Coeur D Alene ID 83814
Coeur D Alene ID 83815
Coeur D Alene ID 83816
Coeymans Hollow NY 12046
Coeymans NY 12045
Coffee Creek MT 59424
Coffee Springs AL 36318
Coffeen IL 62017
Coffeeville AL 36524
Coffeeville MS 38922
Coffey MO 64636
Coffeyville KS 67337
Coffman Cove AK 99918
Cofield NC 27922
Cogan Station PA 17728
Coggon IA 52218
Cogswell ND 58017
Cohagen MT 59322
Cohasset MA 02025
Cohasset MN 55721
Cohoctah MI 48816
Cohocton NY 14826
Cohoes NY 12047
Cohutta GA 30710
Coila MS 38923
Coin IA 51636
Coinjock NC 27923
Cokato MN 55321
Cokeburg PA 15324
Coker Creek TN 37314
Coker AL 35452
Cokeville WY 83114
Colbert GA 30628
Colbert OK 74733
Colbert WA 99005
Colburn ID 83865
Colby KS 67701
Colby WI 54421
Colchester CT 06415
Colchester IL 62326
Colchester VT 05439
Colchester VT 05446
Colchester VT 05449
Colcord OK 74338
Colcord WV 25048
Cold Bay AK 99571
Cold Brook NY 13324
Cold Spring Harbor NY 11724
Cold Spring MN 56320
Cold Spring NY 10516
Colden NY 14033
Coldiron KY 40819
Coldspring TX 77331
Coldwater KS 67029
Coldwater MI 49036
Coldwater MS 38618
Coldwater OH 45828
Cole Camp MO 65325
Colebrook CT 06021
Colebrook NH 03576
Coleharbor ND 58531
Coleman Falls VA 24536
Coleman FL 33521
Coleman GA 39836
Coleman MI 48618
Coleman OK 73432
Coleman TX 76834
Coleman WI 54112
Colerain NC 27924
Colerain OH 43916
Coleraine MN 55722
Coleridge NE 68727
Coles Point VA 22442
Colesburg IA 52035
Coleville CA 96107
Colfax CA 95713
Colfax IA 50054
Colfax IL 61728
Colfax IN 46035
Colfax LA 71417
Colfax NC 27235
Colfax ND 58018
Colfax WA 99111
Colfax WI 54730
Colfax WV 26566
Colgate WI 53017
Collbran CO 81624
College Corner OH 45003
College Grove TN 37046
College Park MD 20740
College Park MD 20741
College Park MD 20742
College Place WA 99324
College Point NY 11356
College Springs IA 51637
College Station AR 72053
College Station TX 77840
College Station TX 77841
College Station TX 77842
College Station TX 77843
College Station TX 77844
College Station TX 77845
Collegedale TN 37315
Collegeport TX 77428
Collegeville MN 56321
Collegeville PA 19426
Collettsville NC 28611
Colleyville TX 76034
Colliers WV 26035
Colliersville NY 13747
Collierville TN 38017
Collierville TN 38027
Collingswood NJ 08108
Collins Center NY 14035
Collins GA 30421
Collins IA 50055
Collins MO 64738
Collins MS 39428
Collins NY 14034
Collins OH 44826
Collins WI 54207
Collinston LA 71229
Collinston UT 84306
Collinsville AL 35961
Collinsville CT 06022
Collinsville IL 62234
Collinsville MS 39325
Collinsville OH 45004
Collinsville OK 74021
Collinsville TX 76233
Collinsville VA 24078
Collinwood TN 38450
Collison IL 61831
Collyer KS 67631
Colman SD 57017
Colmar PA 18915
Colmesneil TX 75938
Colo IA 50056
Cologne MN 55322
Cologne NJ 08213
Coloma CA 95613
Coloma MI 49038
Coloma WI 54930
Colome SD 57528
Colon MI 49040
Colon NE 68018
Colona IL 61241
Colonia NJ 07067
Colonial Beach VA 22443
Colonial Heights VA 23834
Colony KS 66015
Colony OK 73021
Colora MD 21917
Colorado City AZ 86021
Colorado City CO 81019
Colorado City TX 79512
Colorado Springs CO 80901
Colorado Springs CO 80902
Colorado Springs CO 80903
Colorado Springs CO 80904
Colorado Springs CO 80905
Colorado Springs CO 80906
Colorado Springs CO 80907
Colorado Springs CO 80908
Colorado Springs CO 80909
Colorado Springs CO 80910
Colorado Springs CO 80911
Colorado Springs CO 80912
Colorado Springs CO 80913
Colorado Springs CO 80914
Colorado Springs CO 80915
Colorado Springs CO 80916
Colorado Springs CO 80917
Colorado Springs CO 80918
Colorado Springs CO 80919
Colorado Springs CO 80920
Colorado Springs CO 80921
Colorado Springs CO 80922
Colorado Springs CO 80923
Colorado Springs CO 80924
Colorado Springs CO 80925
Colorado Springs CO 80926
Colorado Springs CO 80927
Colorado Springs CO 80928
Colorado Springs CO 80929
Colorado Springs CO 80930
Colorado Springs CO 80931
Colorado Springs CO 80932
Colorado Springs CO 80933
Colorado Springs CO 80934
Colorado Springs CO 80935
Colorado Springs CO 80936
Colorado Springs CO 80937
Colorado Springs CO 80938
Colorado Springs CO 80939
Colorado Springs CO 80940
Colorado Springs CO 80941
Colorado Springs CO 80942
Colorado Springs CO 80943
Colorado Springs CO 80944
Colorado Springs CO 80945
Colorado Springs CO 80946
Colorado Springs CO 80947
Colorado Springs CO 80949
Colorado Springs CO 80950
Colorado Springs CO 80951
Colorado Springs CO 80960
Colorado Springs CO 80962
Colorado Springs CO 80970
Colorado Springs CO 80977
Colorado Springs CO 80995
Colorado Springs CO 80997
Colp IL 62921
Colquitt GA 39837
Colrain MA 01340
Colstrip MT 59323
Colt AR 72326
Colton CA 92324
Colton NY 13625
Colton OH 43510
Colton OR 97017
Colton SD 57018
Colton WA 99113
Coltons Point MD 20626
Colts Neck NJ 07722
Columbia City IN 46725
Columbia City OR 97018
Columbia Cross Roads PA 16914
Columbia Falls ME 04623
Columbia Falls MT 59912
Columbia Station OH 44028
Columbia AL 36319
Columbia CA 95310
Columbia CT 06237
Columbia IA 50057
Columbia IL 62236
Columbia KY 42728
Columbia LA 71418
Columbia MD 21044
Columbia MD 21045
Columbia MD 21046
Columbia MO 65201
Columbia MO 65202
Columbia MO 65203
Columbia MO 65205
Columbia MO 65211
Columbia MO 65212
Columbia MO 65215
Columbia MO 65216
Columbia MO 65217
Columbia MO 65218
Columbia MO 65299
Columbia MS 39429
Columbia NC 27925
Columbia NJ 07832
Columbia PA 17512
Columbia SC 29201
Columbia SC 29202
Columbia SC 29203
Columbia SC 29204
Columbia SC 29205
Columbia SC 29206
Columbia SC 29207
Columbia SC 29208
Columbia SC 29209
Columbia SC 29210
Columbia SC 29211
Columbia SC 29212
Columbia SC 29214
Columbia SC 29215
Columbia SC 29216
Columbia SC 29217
Columbia SC 29218
Columbia SC 29219
Columbia SC 29220
Columbia SC 29221
Columbia SC 29222
Columbia SC 29223
Columbia SC 29224
Columbia SC 29225
Columbia SC 29226
Columbia SC 29227
Columbia SC 29228
Columbia SC 29229
Columbia SC 29230
Columbia SC 29240
Columbia SC 29250
Columbia SC 29260
Columbia SC 29290
Columbia SC 29292
Columbia SD 57433
Columbia TN 38401
Columbia TN 38402
Columbia VA 23038
Columbiana AL 35051
Columbiana OH 44408
Columbiaville MI 48421
Columbiaville NY 12050
Columbus City IA 52737
Columbus Grove OH 45830
Columbus Junction IA 52738
Columbus AR 71831
Columbus GA 31901
Columbus GA 31902
Columbus GA 31903
Columbus GA 31904
Columbus GA 31906
Columbus GA 31907
Columbus GA 31908
Columbus GA 31909
Columbus GA 31914
Columbus GA 31917
Columbus GA 31993
Columbus GA 31997
Columbus GA 31998
Columbus GA 31999
Columbus IN 47201
Columbus IN 47202
Columbus IN 47203
Columbus KS 66725
Columbus KY 42032
Columbus MI 48063
Columbus MS 39701
Columbus MS 39702
Columbus MS 39703
Columbus MS 39704
Columbus MS 39705
Columbus MS 39710
Columbus MT 59019
Columbus NC 28722
Columbus ND 58727
Columbus NE 68601
Columbus NE 68602
Columbus NJ 08022
Columbus NM 88029
Columbus OH 43085
Columbus OH 43201
Columbus OH 43202
Columbus OH 43203
Columbus OH 43204
Columbus OH 43205
Columbus OH 43206
Columbus OH 43207
Columbus OH 43209
Columbus OH 43210
Columbus OH 43211
Columbus OH 43212
Columbus OH 43213
Columbus OH 43214
Columbus OH 43215
Columbus OH 43216
Columbus OH 43217
Columbus OH 43218
Columbus OH 43219
Columbus OH 43220
Columbus OH 43221
Columbus OH 43222
Columbus OH 43223
Columbus OH 43224
Columbus OH 43226
Columbus OH 43227
Columbus OH 43228
Columbus OH 43229
Columbus OH 43230
Columbus OH 43231
Columbus OH 43232
Columbus OH 43234
Columbus OH 43235
Columbus OH 43236
Columbus OH 43240
Columbus OH 43251
Columbus OH 43260
Columbus OH 43265
Columbus OH 43266
Columbus OH 43268
Columbus OH 43270
Columbus OH 43271
Columbus OH 43272
Columbus OH 43279
Columbus OH 43287
Columbus OH 43291
Columbus OH 43299
Columbus PA 16405
Columbus TX 78934
Columbus WI 53925
Colusa CA 95932
Colusa IL 62329
Colver PA 15927
Colville WA 99114
Colwell IA 50620
Colwich KS 67030
Comanche OK 73529
Comanche TX 76442
Combes TX 78535
Combined Locks WI 54113
Combs AR 72721
Combs KY 41729
Comer GA 30629
Comerio PR 00782
Comfort NC 28522
Comfort TX 78013
Comfort WV 25049
Comfrey MN 56019
Comins MI 48619
Commack NY 11725
Commerce City CO 80022
Commerce City CO 80037
Commerce Township MI 48382
Commerce GA 30529
Commerce GA 30530
Commerce GA 30599
Commerce MO 63742
Commerce OK 74339
Commerce TX 75428
Commerce TX 75429
Commercial Point OH 43116
Commiskey IN 47227
Commodore PA 15729
Como CO 80432
Como MS 38619
Como NC 27818
Como TN 38223
Como TX 75431
Comptche CA 95427
Compton AR 72624
Compton CA 90220
Compton CA 90221
Compton CA 90222
Compton CA 90223
Compton CA 90224
Compton IL 61318
Compton MD 20627
Comstock Park MI 49321
Comstock MI 49041
Comstock MN 56525
Comstock NE 68828
Comstock NY 12821
Comstock TX 78837
Comstock WI 54826
Conasauga TN 37316
Concan TX 78838
Concepcion TX 78349
Conception Junction MO 64434
Conception MO 64433
Conchas Dam NM 88416
Concho AZ 85924
Concho OK 73022
Conconully WA 98819
Concord AR 72523
Concord CA 94518
Concord CA 94519
Concord CA 94520
Concord CA 94521
Concord CA 94522
Concord CA 94524
Concord CA 94527
Concord CA 94529
Concord GA 30206
Concord IL 62631
Concord MA 01742
Concord MI 49237
Concord NC 28025
Concord NC 28026
Concord NC 28027
Concord NE 68728
Concord NH 03301
Concord NH 03302
Concord NH 03303
Concord NH 03305
Concord PA 17217
Concord TX 77850
Concord VA 24538
Concord VT 05824
Concordia KS 66901
Concordia MO 64020
Concordville PA 19331
Concordville PA 19339
Concordville PA 19340
Concrete WA 98237
Conda ID 83230
Conde SD 57434
Condon MT 59826
Condon OR 97823
Conehatta MS 39057
Conejos CO 81129
Conestee SC 29636
Conestoga PA 17516
Conesus NY 14435
Conesville IA 52739
Conesville OH 43811
Conetoe NC 27819
Conewango Valley NY 14726
Confluence PA 15424
Conger MN 56020
Congers NY 10920
Congerville IL 61729
Congress AZ 85332
Conifer CO 80433
Conklin MI 49403
Conklin NY 13748
Conley GA 30288
Conneaut Lake PA 16316
Conneaut OH 44030
Conneautville PA 16406
Connell WA 99326
Connellsville PA 15425
Connelly NY 12417
Connellys Springs NC 28612
Conner MT 59827
Connersville IN 47331
Connerville OK 74836
Connoquenessing PA 16027
Conover NC 28613
Conover OH 45317
Conover WI 54519
Conowingo MD 21918
Conrad IA 50621
Conrad MT 59425
Conrath WI 54731
Conroe TX 77301
Conroe TX 77302
Conroe TX 77303
Conroe TX 77304
Conroe TX 77305
Conroe TX 77306
Conroe TX 77384
Conroe TX 77385
Conroy IA 52220
Conshohocken PA 19428
Conshohocken PA 19429
Constable NY 12926
Constableville NY 13325
Constantia NY 13044
Constantine MI 49042
Continental Divide NM 87312
Continental OH 45831
Contoocook NH 03229
Convent Station NJ 07961
Convent LA 70723
Converse IN 46919
Converse LA 71419
Converse SC 29329
Converse TX 78109
Convoy OH 45832
Conway Springs KS 67031
Conway AR 72032
Conway AR 72033
Conway AR 72034
Conway AR 72035
Conway MA 01341
Conway MI 49722
Conway MO 65632
Conway NC 27820
Conway NH 03818
Conway PA 15027
Conway SC 29526
Conway SC 29527
Conway SC 29528
Conway WA 98238
Conyers GA 30012
Conyers GA 30013
Conyers GA 30094
Conyngham PA 18219
Cook Springs AL 35052
Cook Sta MO 65449
Cook MN 55723
Cook NE 68329
Cooke City MT 59020
Cookeville TN 38501
Cookeville TN 38502
Cookeville TN 38503
Cookeville TN 38505
Cookeville TN 38506
Cooks MI 49817
Cooksburg PA 16217
Cookson OK 74427
Cookstown NJ 08511
Cooksville IL 61730
Cooksville MD 21723
Cookville TX 75558
Cool Ridge WV 25825
Cool CA 95614
Cooleemee NC 27014
Coolidge AZ 85128
Coolidge AZ 85228
Coolidge GA 31738
Coolidge KS 67836
Coolidge TX 76635
Coolin ID 83821
Coolspring PA 15730
Coolville OH 45723
Coon Rapids IA 50058
Coon Valley WI 54623
Cooper Landing AK 99572
Cooper IA 50059
Cooper TX 75432
Coopers Mills ME 04341
Coopers Plains NY 14827
Coopersburg PA 18036
Cooperstown ND 58425
Cooperstown NY 13326
Cooperstown PA 16317
Coopersville MI 49404
Coos Bay OR 97420
Coosa GA 30129
Coosada AL 36020
Coosawhatchie SC 29912
Cooter MO 63839
Copake Falls NY 12517
Copake NY 12516
Copalis Beach WA 98535
Copalis Crossing WA 98536
Copan OK 74022
Cope CO 80812
Cope SC 29038
Copeland FL 34137
Copeland KS 67837
Copemish MI 49625
Copen WV 26615
Copenhagen NY 13626
Copeville TX 75121
Copiague NY 11726
Coplay PA 18037
Coppell TX 75019
Coppell TX 75099
Copper Center AK 99573
Copper City MI 49917
Copper Harbor MI 49918
Copper Hill VA 24079
Copperas Cove TX 76522
Copperhill TN 37317
Copperopolis CA 95228
Coquille OR 97423
Cora WV 25614
Cora WY 82925
Coral Gables FL 33114
Coral Springs FL 33075
Coral MI 49322
Coral PA 15731
Coralville IA 52241
Coram MT 59913
Coram NY 11727
Coraopolis PA 15108
Corapeake NC 27926
Corbett OR 97019
Corbettsville NY 13749
Corbin KY 40701
Corbin KY 40702
Corbin VA 22446
Corcoran CA 93212
Cord AR 72524
Cordele GA 31010
Cordele GA 31015
Cordell OK 73632
Corder MO 64021
Cordesville SC 29434
Cordova AK 99574
Cordova AL 35550
Cordova IL 61242
Cordova MD 21625
Cordova NC 28330
Cordova NE 68330
Cordova NM 87523
Cordova SC 29039
Cordova TN 38016
Cordova TN 38018
Cordova TN 38088
Corea ME 04624
Corfu NY 14036
Corinna ME 04928
Corinne UT 84307
Corinne WV 25826
Corinth KY 41010
Corinth ME 04427
Corinth MS 38834
Corinth MS 38835
Corinth NY 12822
Corinth VT 05039
Corn OK 73024
Cornelia GA 30531
Cornelius NC 28031
Cornelius OR 97113
Cornell IL 61319
Cornell MI 49818
Cornell WI 54732
Cornersville TN 37047
Cornettsville KY 41731
Corning AR 72422
Corning CA 96021
Corning IA 50841
Corning KS 66417
Corning NY 14830
Corning NY 14831
Corning OH 43730
Cornish Flat NH 03746
Cornish ME 04020
Cornish NH 03745
Cornish UT 84308
Cornland IL 62519
Cornucopia WI 54827
Cornville AZ 86325
Cornwall Bridge CT 06754
Cornwall On Hudson NY 12520
Cornwall CT 06753
Cornwall NY 12518
Cornwall PA 17016
Cornwallville NY 12418
Corolla NC 27927
Corona Del Mar CA 92625
Corona CA 92877
Corona CA 92878
Corona CA 92879
Corona CA 92880
Corona CA 92881
Corona CA 92882
Corona CA 92883
Corona NM 88318
Corona NY 11368
Corona SD 57227
Coronado CA 92118
Coronado CA 92178
Corozal PR 00783
Corpus Christi TX 78401
Corpus Christi TX 78402
Corpus Christi TX 78403
Corpus Christi TX 78404
Corpus Christi TX 78405
Corpus Christi TX 78406
Corpus Christi TX 78407
Corpus Christi TX 78408
Corpus Christi TX 78409
Corpus Christi TX 78410
Corpus Christi TX 78411
Corpus Christi TX 78412
Corpus Christi TX 78413
Corpus Christi TX 78414
Corpus Christi TX 78415
Corpus Christi TX 78416
Corpus Christi TX 78417
Corpus Christi TX 78418
Corpus Christi TX 78419
Corpus Christi TX 78426
Corpus Christi TX 78427
Corpus Christi TX 78460
Corpus Christi TX 78461
Corpus Christi TX 78463
Corpus Christi TX 78465
Corpus Christi TX 78466
Corpus Christi TX 78467
Corpus Christi TX 78468
Corpus Christi TX 78469
Corpus Christi TX 78470
Corpus Christi TX 78471
Corpus Christi TX 78472
Corpus Christi TX 78473
Corpus Christi TX 78474
Corpus Christi TX 78475
Corpus Christi TX 78476
Corpus Christi TX 78477
Corpus Christi TX 78478
Corpus Christi TX 78480
Corral ID 83322
Corrales NM 87048
Correctionville IA 51016
Correll MN 56227
Corrigan TX 75939
Corriganville MD 21524
Corry PA 16407
Corryton TN 37721
Corsica PA 15829
Corsica SD 57328
Corsicana TX 75109
Corsicana TX 75110
Corsicana TX 75151
Cortaro AZ 85652
Corte Madera CA 94925
Corte Madera CA 94976
Cortez CO 81321
Cortez FL 34215
Cortland IL 60112
Cortland IN 47228
Cortland NE 68331
Cortland NY 13045
Cortland OH 44410
Cortlandt Manor NY 10567
Corunna IN 46730
Corunna MI 48817
Corvallis MT 59828
Corvallis OR 97330
Corvallis OR 97331
Corvallis OR 97333
Corvallis OR 97339
Corwith IA 50430
Cory CO 81414
Cory IN 47846
Corydon IA 50060
Corydon IN 47112
Corydon KY 42406
Cos Cob CT 06807
Cosby MO 64436
Cosby TN 37722
Coshocton OH 43812
Cosmopolis WA 98537
Cosmos MN 56228
Cossayuna NY 12823
Cost TX 78614
Costa Mesa CA 92626
Costa Mesa CA 92627
Costa Mesa CA 92628
Costa WV 25051
Costilla NM 87524
Cotati CA 94931
Coto Laurel PR 00780
Cotopaxi CO 81223
Cottage Grove MN 55016
Cottage Grove OR 97424
Cottage Grove OR 97472
Cottage Grove TN 38224
Cottage Grove WI 53527
Cottage Hills IL 62018
Cottageville SC 29435
Cottageville WV 25239
Cottekill NY 12419
Cotter AR 72626
Cottleville MO 63338
Cotton Center TX 79021
Cotton Plant AR 72036
Cotton Valley LA 71018
Cotton GA 31739
Cotton MN 55724
Cottondale AL 35453
Cottondale FL 32431
Cottonport LA 71327
Cottonton AL 36851
Cottontown TN 37048
Cottonwood Falls KS 66845
Cottonwood AL 36320
Cottonwood AZ 86326
Cottonwood CA 96022
Cottonwood ID 83522
Cottonwood MN 56229
Cotuit MA 02635
Cotulla TX 78014
Couch MO 65690
Couderay WI 54828
Coudersport PA 16915
Cougar WA 98616
Coulee City WA 99115
Coulee Dam WA 99116
Coulter IA 50431
Coulters PA 15028
Coulterville CA 95311
Coulterville IL 62237
Counce TN 38326
Council Bluffs IA 51501
Council Bluffs IA 51502
Council Bluffs IA 51503
Council Grove KS 66846
Council Hill OK 74428
Council ID 83612
Council NC 28434
Counselor NM 87018
Country Club Hills IL 60478
Countyline OK 73425
Coupeville WA 98239
Coupland TX 78615
Coupon PA 16629
Courtenay ND 58426
Courtland AL 35618
Courtland CA 95615
Courtland KS 66939
Courtland MN 56021
Courtland MS 38620
Courtland VA 23837
Coushatta LA 71019
Cove City NC 28523
Cove AR 71937
Cove OR 97824
Covel WV 24719
Covelo CA 95428
Coventry CT 06238
Coventry RI 02816
Coventry VT 05825
Covert MI 49043
Covesville VA 22931
Covina CA 91722
Covina CA 91723
Covina CA 91724
Covington GA 30014
Covington GA 30015
Covington GA 30016
Covington IN 47932
Covington KY 41011
Covington KY 41012
Covington KY 41014
Covington KY 41016
Covington KY 41019
Covington LA 70433
Covington LA 70434
Covington LA 70435
Covington MI 49919
Covington OH 45318
Covington OK 73730
Covington PA 16917
Covington TN 38019
Covington TX 76636
Covington VA 24426
Cowan TN 37318
Cowanesque PA 16918
Cowansville PA 16218
Coward SC 29530
Cowarts AL 36321
Cowden IL 62422
Cowdrey CO 80434
Cowen WV 26206
Coweta OK 74429
Cowgill MO 64637
Cowiche WA 98923
Cowlesville NY 14037
Cowley WY 82420
Cowpens SC 29330
Coxs Creek KY 40013
Coxs Mills WV 26342
Coxsackie NY 12051
Coy AL 36435
Coy AR 72037
Coyanosa TX 79730
Coyle OK 73027
Coyote Springs NV 89037
Coyote Springs NV 89067
Coyote CA 95013
Coyote NM 87012
Cozad NE 69130
Crab Orchard KY 40419
Crab Orchard NE 68332
Crab Orchard TN 37723
Crab Orchard WV 25827
Crabtree OR 97335
Crabtree PA 15624
Craddockville VA 23341
Craftsbury Common VT 05827
Craftsbury VT 05826
Cragford AL 36255
Cragsmoor NY 12420
Craig AK 99921
Craig CO 81625
Craig CO 81626
Craig MO 64437
Craig NE 68019
Craigmont ID 83523
Craigsville VA 24430
Craigsville WV 26205
Craigville IN 46731
Craley PA 17312
Cramerton NC 28032
Cranberry Isles ME 04625
Cranberry Lake NY 12927
Cranberry Twp PA 16066
Cranberry PA 16319
Cranbury NJ 08512
Crandall GA 30711
Crandall IN 47114
Crandall TX 75114
Crandon WI 54520
Crane Hill AL 35053
Crane Lake MN 55725
Crane IN 47522
Crane MO 65633
Crane MT 59217
Crane OR 97732
Crane TX 79731
Cranesville PA 16410
Cranfills Gap TX 76637
Cranford NJ 07016
Cranks KY 40820
Cranston RI 02910
Cranston RI 02920
Cranston RI 02921
Crapo MD 21626
Crary ND 58327
Craryville NY 12521
Crater Lake OR 97604
Crawford CO 81415
Crawford GA 30630
Crawford MS 39743
Crawford NE 69339
Crawford OK 73638
Crawford TN 38554
Crawford TX 76638
Crawford WV 26343
Crawfordsville AR 72327
Crawfordsville IA 52621
Crawfordsville IN 47933
Crawfordsville IN 47934
Crawfordsville IN 47935
Crawfordsville IN 47936
Crawfordsville IN 47937
Crawfordsville IN 47938
Crawfordsville IN 47939
Crawfordsville OR 97336
Crawfordville FL 32326
Crawfordville FL 32327
Crawfordville GA 30631
Crawley WV 24931
Crayne KY 42033
Creal Springs IL 62922
Cream Ridge NJ 08514
Creamery PA 19430
Creede CO 81130
Creedmoor NC 27522
Creedmoor NC 27564
Creekside PA 15732
Creighton MO 64739
Creighton NE 68729
Creighton PA 15030
Crenshaw MS 38621
Creola AL 36525
Creola OH 45622
Creole LA 70632
Cresbard SD 57435
Crescent City CA 95531
Crescent City CA 95532
Crescent City FL 32112
Crescent City IL 60928
Crescent Lake OR 97425
Crescent Mills CA 95934
Crescent Valley NV 89821
Crescent GA 31304
Crescent IA 51526
Crescent OK 73028
Crescent OR 97733
Crescent PA 15046
Cresco IA 52136
Cresco PA 18326
Cressey CA 95312
Cresskill NJ 07626
Cresson PA 16630
Cresson PA 16699
Cresson TX 76035
Cressona PA 17929
Crest Hill IL 60403
Crest Park CA 92326
Crested Butte CO 81224
Crested Butte CO 81225
Crestline CA 92325
Crestline KS 66728
Crestline OH 44827
Creston CA 93432
Creston IA 50801
Creston IL 60113
Creston NC 28615
Creston NE 68631
Creston OH 44217
Creston WA 99117
Creston WV 26141
Crestone CO 81131
Crestview FL 32536
Crestview FL 32539
Crestwood KY 40014
Creswell NC 27928
Creswell OR 97426
Crete IL 60417
Crete NE 68333
Creve Coeur IL 61610
Crewe VA 23930
Criders VA 22820
Crimora VA 24431
Cripple Creek CO 80813
Cripple Creek VA 24322
Crisfield MD 21817
Crittenden KY 41030
Crittenden NY 14038
Critz VA 24082
Crivitz WI 54114
Crocheron MD 21627
Crocker MO 65452
Crockett Mills TN 38021
Crockett CA 94525
Crockett KY 41413
Crockett TX 75835
Crockett VA 24323
Crocketts Bluff AR 72038
Crocketville SC 29913
Crofton KY 42217
Crofton MD 21114
Crofton NE 68730
Croghan NY 13327
Cromona KY 41810
Crompond NY 10517
Cromwell CT 06416
Cromwell IA 50842
Cromwell IN 46732
Cromwell KY 42333
Cromwell MN 55726
Cromwell OK 74837
Crook CO 80726
Crooked Creek AK 99575
Crooks SD 57020
Crookston MN 56716
Crookston NE 69212
Crooksville OH 43731
Cropsey IL 61731
Cropseyville NY 12052
Cropwell AL 35054
Crosby MN 56441
Crosby MS 39633
Crosby ND 58730
Crosby PA 16724
Crosby TX 77532
Crosbyton TX 79322
Cross Anchor SC 29331
Cross City FL 32628
Cross Fork PA 17729
Cross Hill SC 29332
Cross Junction VA 22625
Cross Plains IN 47017
Cross Plains TN 37049
Cross Plains TX 76443
Cross Plains WI 53528
Cross River NY 10518
Cross Timbers MO 65634
Cross Village MI 49723
Cross SC 29436
Crossett AR 71635
Crosslake MN 56442
Crossnore NC 28616
Crossroads NM 88114
Crossville AL 35962
Crossville IL 62827
Crossville TN 38555
Crossville TN 38557
Crossville TN 38558
Crossville TN 38571
Crossville TN 38572
Croswell MI 48422
Crothersville IN 47229
Croton Falls NY 10519
Croton On Hudson NY 10520
Croton On Hudson NY 10521
Croton OH 43013
Crouse NC 28033
Crouseville ME 04738
Crow Agency MT 59022
Crowder MS 38622
Crowder OK 74430
Crowell TX 79227
Crowheart WY 82512
Crowley CO 81033
Crowley CO 81034
Crowley LA 70526
Crowley LA 70527
Crowley TX 76036
Crown City OH 45623
Crown King AZ 86343
Crown Point IN 46307
Crown Point IN 46308
Crown Point NY 12928
Crown PA 16220
Crownpoint NM 87313
Crownsville MD 21032
Crows Landing CA 95313
Crowville LA 71230
Croydon PA 19021
Croydon UT 84018
Crozet VA 22932
Crozier VA 23039
Crucible PA 15325
Cruger MS 38924
Crum Lynne PA 19022
Crum WV 25669
Crump TN 38327
Crumpler NC 28617
Crumpton MD 21628
Crumrod AR 72328
Crystal Bay MN 55323
Crystal Bay NV 89402
Crystal Beach FL 34681
Crystal City MO 63019
Crystal City TX 78839
Crystal Falls MI 49920
Crystal Hill VA 24539
Crystal Lake IA 50432
Crystal Lake IL 60012
Crystal Lake IL 60014
Crystal Lake IL 60039
Crystal River FL 34423
Crystal River FL 34428
Crystal River FL 34429
Crystal Spring PA 15536
Crystal Springs FL 33524
Crystal Springs MS 39059
Crystal MI 48818
Crystal ND 58222
Cub Run KY 42729
Cuba City WI 53807
Cuba AL 36907
Cuba IL 61427
Cuba KS 66940
Cuba MO 65453
Cuba NM 87013
Cuba NY 14727
Cuba OH 45114
Cubero NM 87014
Cucumber WV 24826
Cudahy WI 53110
Cuddebackville NY 12729
Cuddy PA 15031
Cuero TX 77954
Cuervo NM 88417
Culberson NC 28903
Culbertson MT 59218
Culbertson NE 69024
Culdesac ID 83524
Culebra PR 00775
Cullen LA 71021
Cullen VA 23934
Culleoka TN 38451
Cullman AL 35055
Cullman AL 35056
Cullman AL 35057
Cullman AL 35058
Culloden GA 31016
Culloden WV 25510
Cullom IL 60929
Cullowhee NC 28723
Culp Creek OR 97427
Culpeper VA 22701
Culver City CA 90230
Culver City CA 90231
Culver City CA 90232
Culver City CA 90233
Culver IN 46511
Culver OR 97734
Cumberland Center ME 04021
Cumberland City TN 37050
Cumberland Foreside ME 04110
Cumberland Furnace TN 37051
Cumberland Gap TN 37724
Cumberland IA 50843
Cumberland KY 40823
Cumberland MD 21501
Cumberland MD 21502
Cumberland MD 21503
Cumberland MD 21504
Cumberland MD 21505
Cumberland NC 28331
Cumberland OH 43732
Cumberland RI 02864
Cumberland VA 23040
Cumberland WI 54829
Cumbola PA 17930
Cumby TX 75433
Cummaquid MA 02637
Cumming GA 30028
Cumming GA 30040
Cumming GA 30041
Cumming IA 50061
Cummings KS 66016
Cummings ND 58223
Cummington MA 01026
Cumnock NC 27237
Cuney TX 75759
Cunningham KS 67035
Cunningham KY 42035
Cunningham TN 37052
Cunningham TX 75434
Cupertino CA 95014
Cupertino CA 95015
Curdsville KY 42334
Curlew IA 50527
Curlew WA 99118
Curllsville PA 16221
Curran MI 48728
Currie MN 56123
Currie NC 28435
Currituck NC 27929
Curryville MO 63339
Curryville PA 16631
Curtice OH 43412
Curtin OR 97428
Curtis Bay MD 21226
Curtis AR 71728
Curtis MI 49820
Curtis NE 69025
Curtis WA 98538
Curtiss WI 54422
Curtisville PA 15032
Curwensville PA 16833
Cushing IA 51018
Cushing ME 04563
Cushing MN 56443
Cushing OK 74023
Cushing TX 75760
Cushing WI 54006
Cushman AR 72526
Cusick WA 99119
Cusseta AL 36852
Cusseta GA 31805
Custar OH 43511
Custer City OK 73639
Custer City PA 16725
Custer KY 40115
Custer MI 49405
Custer MT 59024
Custer SD 57730
Custer WA 98240
Custer WI 54423
Cut Bank MT 59427
Cut Off LA 70345
Cutchogue NY 11935
Cuthbert GA 39840
Cutler CA 93615
Cutler IL 62238
Cutler IN 46920
Cutler ME 04626
Cutler OH 45724
Cutten CA 95534
Cuttingsville VT 05738
Cuttyhunk MA 02713
Cuyahoga Falls OH 44221
Cuyahoga Falls OH 44222
Cuyahoga Falls OH 44223
Cyclone PA 16726
Cyclone WV 24827
Cygnet OH 43413
Cylinder IA 50528
Cynthiana IN 47612
Cynthiana KY 41031
Cynthiana OH 45624
Cypress Inn TN 38452
Cypress CA 90630
Cypress FL 32432
Cypress IL 62923
Cypress TX 77410
Cypress TX 77429
Cypress TX 77433
Cyril OK 73029
Cyrus MN 56323
